bodyPositionTime,bodyPositionX,bodyPositionY,bodyPositionZ,bodyOrientationTime,bodyOrientationX,bodyOrientationY,bodyOrientationZ,gyroTime,gyroX,gyroY,gyroZ,cycleFrequencyTime,leftCycleFrequency,rightCycleFrequency,bodyforceTime,bodyforceX,bodyforceY,bodyforceZ,bodytorqueTime,bodytorqueX,bodytorqueY,bodytorqueZ,R1forceTime,R1forceX,R1forceY,R1forceZ,R1torqueTime,R1torqueX,R1torqueY,R1torqueZ,L1forceTime,L1forceX,L1forceY,L1forceZ,L1torqueTime,L1torqueX,L1torqueY,L1torqueZ
910,0.2086983621120453,-0.00010550953447818756,0.00696597108617425,920,0.02352978102862835,0.0012475178809836507,-0.011016424745321274,930,0.18670010566711426,0.00013781810412183404,0.006992234382778406,900,10,10,940,9.068507642950863e-05,0.0003020608564838767,-0.027838237583637238,940,4.769930228576413e-07,0.0011828290298581123,1.56801070261281e-05,960,-5.7872384786605835e-06,8.291390258818865e-07,-5.172565579414368e-06,960,4.1443854570388794e-07,1.8480932340025902e-08,-4.628673195838928e-07,950,5.392357707023621e-06,1.8583610653877258e-05,-6.094574928283691e-06,950,0.0,0.0,0.0
1170,0.20869994163513184,-8.302077185362577e-05,0.006948842667043209,1180,-0.021698353812098503,-0.008770805783569813,-0.004605989903211594,1190,0.1882447898387909,0.00042776530608534813,0.007779700681567192,910,10,10,1200,0.047625526785850525,-0.01524242851883173,-0.05963463708758354,1200,1.0183963240706362e-05,0.003369695972651243,-0.0009655812755227089,1220,8.001667447388172e-05,0.00011128978803753853,-0.0005214405246078968,1220,4.299590364098549e-05,1.8114224076271057e-07,6.645452231168747e-06,1210,-8.742325007915497e-06,-8.584465831518173e-06,-8.366629481315613e-05,1210,-1.0943040251731873e-08,-1.525040715932846e-08,2.7939677238464355e-09
1260,0.22314752638339996,-0.001741703599691391,0.021401334553956985,1270,0.016948604956269264,-0.20974284410476685,-0.18921414017677307,1280,0.2026674598455429,0.0011077248491346836,0.014638654887676239,1170,10,10,1290,0.05583058297634125,0.005606623366475105,-0.05071060359477997,1290,-3.859574462694582e-06,0.0032194198574870825,0.0004955646581947803,1310,-0.00010582641698420048,3.253389149904251e-05,0.00019602780230343342,1310,-1.6007106751203537e-05,-4.731118679046631e-07,-8.699484169483185e-06,1300,-0.00015757721848785877,0.00012597814202308655,9.736325591802597e-05,1300,2.8870999813079834e-08,2.1420419216156006e-08,3.725290298461914e-09
1350,0.23176072537899017,-0.005600904114544392,0.010215194895863533,1360,-0.02270561456680298,-0.08009915798902512,-0.2506084442138672,1370,0.21600787341594696,-0.004209068603813648,0.014251251704990864,1260,10,10,1380,0.2337113320827484,0.036421388387680054,-0.07130394130945206,1380,5.899913594475947e-05,0.004978472366929054,0.0032992390915751457,1400,0.00011089583858847618,-1.983274705708027e-05,3.2139476388692856e-05,1400,-2.575106918811798e-06,1.3969838619232178e-09,8.878763765096664e-06,1390,-3.239893703721464e-05,0.0001308433711528778,5.233939737081528e-05,1390,-1.3213139027357101e-08,-4.6566128730773926e-09,-1.816079020500183e-08
1440,0.24336662888526917,-0.016419967636466026,0.014875154942274094,1450,0.04966289922595024,-0.1224493682384491,-0.06496132910251617,1460,0.22288456559181213,-0.015100201591849327,0.012344561517238617,1350,10,10,1470,0.11898015439510345,-0.0390654057264328,-0.05731181055307388,1470,-1.4574077795259655e-05,0.004347901791334152,-0.0035532647743821144,1490,7.777044811518863e-05,4.137793439440429e-06,1.4750286936759949e-05,1490,-1.1788943083956838e-06,4.83341864310205e-08,6.236601620912552e-06,1480,4.172947956249118e-05,0.00011875969357788563,-7.32671469449997e-05,1480,6.693881005048752e-09,-1.618172973394394e-08,-2.0489096641540527e-08
1540,0.24937506020069122,-0.017718365415930748,0.012769756838679314,1550,0.07364325225353241,-0.11485612392425537,-0.1043727844953537,1560,0.2301965057849884,-0.016284696757793427,0.013029851019382477,1440,10,10,1570,0.140677347779274,0.0013809390366077423,-0.06244266778230667,1570,-4.1466441871307325e-06,0.005067504942417145,8.760747732594609e-05,1590,4.985416308045387e-05,2.231961116194725e-05,-7.890909910202026e-05,1590,6.32554292678833e-06,1.862645149230957e-09,3.9869919419288635e-06,1580,3.935664426535368e-05,7.118191570043564e-05,1.183338463306427e-05,1580,6.984919309616089e-10,-2.7939677238464355e-09,-5.587935447692871e-09
1640,0.26441726088523865,-0.023862216621637344,0.015386335551738739,1650,-0.05149764195084572,-0.12248679995536804,-0.17253921926021576,1660,0.2453235685825348,-0.020729919895529747,0.01401696726679802,1540,10,10,1670,0.17800071835517883,-0.012417756952345371,-0.043850213289260864,1670,5.720161880162777e-06,0.0037802117876708508,-0.0014132458018139005,1690,-9.52836126089096e-06,-3.1632371246814728e-06,2.584420144557953e-06,1690,-2.0302832126617432e-07,9.66247171163559e-09,-7.550697773694992e-07,1680,4.2062572902068496e-05,6.750458851456642e-05,1.3725832104682922e-05,1680,6.984919309616089e-10,-2.3283064365386963e-09,-5.587935447692871e-09
1740,0.28095486760139465,-0.027022644877433777,0.01546524465084076,1750,-0.018390649929642677,-0.032973818480968475,-0.2194870412349701,1760,0.2626001238822937,-0.022969543933868408,0.014348114840686321,1640,10,10,1770,0.1417853683233261,-0.0273980051279068,-0.02476382814347744,1770,2.7018173568649217e-05,0.0017606313340365887,-0.0030684126541018486,1790,0.00010328134521842003,1.4995457604527473e-05,-8.154334500432014e-05,1790,6.560701876878738e-06,7.404014468193054e-08,8.28644260764122e-06,1780,4.468255792744458e-05,0.00013973249588161707,-2.8362497687339783e-05,1780,-1.1350493878126144e-08,-1.548323780298233e-08,-1.6763806343078613e-08
1850,0.29411303997039795,-0.02931283786892891,0.015746422111988068,1860,-0.02748776040971279,-0.16717590391635895,-0.30721405148506165,1870,0.2739504873752594,-0.024259120225906372,0.01202366966754198,1740,10,10,1880,0.03290197253227234,-0.007845666259527206,-0.026843879371881485,1880,1.216501732415054e-05,0.0024678672198206186,-0.0011648379731923342,1900,-4.5752618461847305e-05,5.884096026420593e-06,-8.388375863432884e-05,1900,6.724148988723755e-06,-1.0617077350616455e-07,-3.673601895570755e-06,1890,-4.248027107678354e-05,0.00014132194337435067,-5.9266574680805206e-05,1890,6.359186954796314e-09,-2.773595042526722e-08,-3.3527612686157227e-08
1950,0.3005918562412262,-0.04199935123324394,0.013846468180418015,1960,0.00828892644494772,-0.05573679134249687,-0.5107218027114868,1970,0.28388792276382446,-0.03573879972100258,0.014605619944632053,1850,10,10,1980,0.11493974924087524,-0.02767638862133026,-0.037952132523059845,1980,-3.329226456116885e-05,0.0037291471380740404,-0.0039189341478049755,2000,-4.602968692779541e-05,4.809349775314331e-06,-0.00011769076809287071,2000,9.459443390369415e-06,-1.1548399925231934e-07,-3.7213321775197983e-06,1990,5.894689820706844e-05,6.698444485664368e-05,-1.4490913599729538e-05,1990,-5.238689482212067e-10,-1.1175870895385742e-08,-2.3981556296348572e-08
2040,0.30704572796821594,-0.05964214727282524,0.011907776817679405,2050,0.017146019265055656,-0.07433099299669266,-0.5475388169288635,2060,0.2909078598022461,-0.05115062743425369,0.013477480039000511,1950,10,10,2070,0.21759623289108276,-0.04363558813929558,-0.045065738260746,2070,-4.007787356385961e-05,0.004140604753047228,-0.005525898188352585,2090,1.1261552572250366e-05,3.3080577850341797e-06,3.523658961057663e-06,2090,-2.775341272354126e-07,1.4901161193847656e-08,9.0012326836586e-07,2080,-3.149849362671375e-05,6.568245589733124e-05,3.691297024488449e-06,2080,1.862645149230957e-09,-7.450580596923828e-09,-5.587935447692871e-09
2140,0.32279467582702637,-0.07119156420230865,0.012269731611013412,2150,-0.03226165845990181,-0.07563161849975586,-0.4768446087837219,2160,0.3062676787376404,-0.06323613971471786,0.010972999967634678,2040,10,10,2170,0.206638902425766,-0.06529614329338074,-0.03464721143245697,2170,-7.811415343894623e-06,0.003702472895383835,-0.008890850469470024,2190,4.745461046695709e-05,1.3057142496109009e-06,5.560927093029022e-05,2190,-4.438683390617371e-06,1.3969838619232178e-08,3.7923455238342285e-06,2180,5.0663016736507416e-05,0.0001813666895031929,-5.761347711086273e-05,2180,-1.257285475730896e-08,-1.5832483768463135e-08,-1.30385160446167e-08
2230,0.33324891328811646,-0.07533643394708633,0.013431517407298088,2240,0.08134015649557114,-0.09929380565881729,-0.4076111614704132,2250,0.3152678906917572,-0.06612890958786011,0.011300979182124138,2140,10,10,2260,0.13346435129642487,-0.059310201555490494,-0.03219319507479668,2260,-5.930814950261265e-05,0.003163962159305811,-0.008955968543887138,2280,-4.513561725616455e-05,2.284534275531769e-06,-1.9185245037078857e-06,2280,1.6205012798309326e-07,-1.5832483768463135e-08,-3.614462912082672e-06,2270,-4.866486415266991e-05,6.426312029361725e-05,-0.00013985298573970795,2270,-2.8870999813079834e-08,-1.30385160446167e-08,-8.381903171539307e-09
2320,0.34161919355392456,-0.08036579936742783,0.014158239588141441,2330,0.011179146356880665,-0.11169948428869247,-0.4419143795967102,2340,0.3228778541088104,-0.07147542387247086,0.011649305000901222,2230,10,10,2350,0.030775651335716248,-0.037130244076251984,-0.03193196281790733,2350,7.813751290086657e-05,0.004271301440894604,-0.0070828828029334545,2370,-4.051625728607178e-05,1.0106712579727173e-05,-0.00023351795971393585,2370,1.8874183297157288e-05,-1.4528632164001465e-07,-3.2726675271987915e-06,2360,-7.264676969498396e-05,2.5981105864048004e-05,-0.00015720303053967655,2360,-9.138602763414383e-09,-2.9802322387695312e-08,-3.472086973488331e-08
2400,0.3494932949542999,-0.08527309447526932,0.01884094625711441,2410,-0.030209798365831375,-0.03157235309481621,-0.4015580415725708,2420,0.32988864183425903,-0.07760415971279144,0.014168990775942802,2320,10,10,2430,0.026583410799503326,-0.03779517859220505,-0.03161069378256798,2430,0.00010998292418662459,0.0044393581338226795,-0.007366902194917202,2450,-0.0001377317530568689,-0.00012513436377048492,0.0003373348736204207,2450,-2.801735172397457e-05,6.30505383014679e-07,-1.1068288586102426e-05,2440,-0.0001659272238612175,0.00017874548211693764,-0.00014762906357645988,2440,-2.514570951461792e-08,-3.725290298461914e-08,-4.423782229423523e-08
2480,0.35348939895629883,-0.09025788307189941,0.016986139118671417,2490,-0.04716028645634651,-0.12117806077003479,-0.45341575145721436,2500,0.3343372046947479,-0.08236141502857208,0.015040220692753792,2400,10,10,2510,0.09619557112455368,-0.05669443681836128,-0.03219083696603775,2510,5.3095980547368526e-05,0.003987055271863937,-0.009688127785921097,2530,-0.00011202879250049591,-0.00022557377815246582,0.00016756728291511536,2530,-1.397542655467987e-05,8.940696716308594e-08,-9.104609489440918e-06,2520,2.82973051071167e-05,2.2634631022810936e-05,-4.08630003221333e-05,2520,-1.4901161193847656e-08,-2.735760062932968e-09,-1.2514647096395493e-08
2570,0.3555634915828705,-0.09736765176057816,0.011212557554244995,2580,-0.047999195754528046,-0.0326835960149765,-0.5772203803062439,2590,0.3374776840209961,-0.087519071996212,0.007726005744189024,2480,10,10,2600,0.14509591460227966,-0.07892028242349625,-0.04019848257303238,2600,-0.00018092116806656122,0.00434707198292017,-0.0125973429530859,2620,0.00012158602476119995,0.00013166014105081558,-0.0005817366763949394,2620,4.7869980335235596e-05,4.470348358154297e-08,9.987503290176392e-06,2610,1.744646579027176e-05,2.3543834686279297e-06,-9.814323857426643e-05,2610,-1.7695128917694092e-08,-8.381903171539307e-09,2.3283064365386963e-09
2660,0.3602483868598938,-0.10162214934825897,0.015202576294541359,2670,-0.02822885476052761,0.02606564573943615,-0.46529147028923035,2680,0.33798748254776,-0.0909077450633049,0.00926544051617384,2570,10,10,2690,0.09272609651088715,-0.07415755093097687,-0.022355729714035988,2690,-4.996248026145622e-05,0.002183545846492052,-0.013305312022566795,2710,-0.0001233331859111786,-1.8430408090353012e-05,6.013130769133568e-05,2710,-4.822388291358948e-06,-2.468004822731018e-08,-9.919283911585808e-06,2700,-0.00021882355213165283,0.00014153309166431427,7.358170114457607e-05,2700,1.3271346688270569e-08,1.1175870895385742e-08,-8.149072527885437e-09
2740,0.35568737983703613,-0.09748190641403198,0.016455987468361855,2750,-0.034275539219379425,-0.10418577492237091,-0.36190250515937805,2760,0.3333544135093689,-0.0874839648604393,0.014413748867809772,2660,10,10,2770,0.10845984518527985,-0.06351494044065475,-0.03349365293979645,2770,0.0001313970860792324,0.003934051841497421,-0.010238617658615112,2790,-2.4296343326568604e-05,-1.9529834389686584e-06,-1.844950020313263e-06,2790,1.434236764907837e-07,-1.1175870895385742e-08,-1.9585713744163513e-06,2780,3.994489088654518e-05,7.692258805036545e-05,1.5854835510253906e-05,2780,2.3283064365386963e-10,-1.862645149230957e-09,-3.725290298461914e-09
2830,0.3549158573150635,-0.09316042065620422,0.01367943175137043,2840,0.007857145741581917,-0.17852360010147095,-0.3601923882961273,2850,0.3350047767162323,-0.08379793912172318,0.010507210157811642,2740,10,10,2860,0.08920153975486755,-0.06019533798098564,-0.03644128888845444,2860,2.0771887648152187e-05,0.004628768190741539,-0.010703111067414284,2880,-5.266442894935608e-05,9.256415069103241e-06,-2.33575701713562e-05,2880,1.8812716007232666e-06,2.0489096641540527e-08,-4.216097295284271e-06,2870,-6.448151543736458e-05,-3.6694109439849854e-07,-0.00011682184413075447,2870,1.6298145055770874e-09,-1.1175870895385742e-08,-1.30385160446167e-08
2910,0.3567553162574768,-0.09535792469978333,0.012823064811527729,2920,-0.012167954817414284,-0.01579642854630947,-0.4217402935028076,2930,0.33837437629699707,-0.08780497312545776,0.012411575764417648,2830,10,10,2940,0.17691847681999207,-0.06639058887958527,-0.02693893387913704,2940,4.1969207813963294e-05,0.0027260147035121918,-0.009509320370852947,2960,-1.661200076341629e-05,-9.637512266635895e-05,-0.0002185748890042305,2960,1.8032267689704895e-05,-4.209578037261963e-07,-1.2004747986793518e-06,2950,9.970460087060928e-05,3.4895725548267365e-05,8.32858495414257e-06,2950,-3.725290298461914e-09,-8.847564458847046e-09,-6.984919309616089e-09
3000,0.3586757481098175,-0.1035664975643158,0.012652400881052017,3010,-0.06332152336835861,-0.05461766943335533,-0.5310092568397522,3020,0.34186094999313354,-0.09350854158401489,0.011168815195560455,2910,10,10,3030,0.19763880968093872,-0.07313567399978638,-0.037603773176670074,3030,-1.8983437257702462e-05,0.0038041621446609497,-0.01024587545543909,3050,-0.0001705371541902423,-0.00010828860104084015,0.00025815563276410103,3050,-2.1307729184627533e-05,3.7439167499542236e-07,-1.3814831618219614e-05,3040,-3.542006015777588e-05,2.6895664632320404e-05,1.7515849322080612e-05,3040,7.450580596923828e-09,-6.28642737865448e-09,-6.984919309616089e-10
3090,0.36899369955062866,-0.11111783981323242,0.015098744072020054,3100,0.020373450592160225,-0.06382840871810913,-0.5342401266098022,3110,0.3520761728286743,-0.10118209570646286,0.013356789946556091,3000,10,10,3120,0.21415762603282928,-0.07923285663127899,-0.031051162630319595,3120,0.00010146565909963101,0.0034172143787145615,-0.01112859696149826,3140,2.257712185382843e-05,1.4990568161010742e-05,-1.1000782251358032e-05,3140,8.847564458847046e-07,-2.60770320892334e-08,1.8104910850524902e-06,3130,-4.266202449798584e-05,3.6745332181453705e-06,-2.586422488093376e-05,3130,9.313225746154785e-09,-5.587935447692871e-09,6.984919309616089e-09
3170,0.3787878155708313,-0.11622465401887894,0.014592379331588745,3180,-0.007778994273394346,-0.08191629499197006,-0.5635309219360352,3190,0.3599250614643097,-0.10550157725811005,0.0112618338316679,3090,10,10,3200,0.27008378505706787,-0.10675373673439026,-0.02357214130461216,3200,8.795523172011599e-05,0.0018773573683574796,-0.01107754185795784,3220,6.717443466186523e-05,0.00013327598571777344,-0.0005129845812916756,3220,4.2110681533813477e-05,-2.7939677238464355e-08,5.4836273193359375e-06,3210,1.416727900505066e-05,1.3943994417786598e-05,-0.00010739767458289862,3210,-1.4901161193847656e-08,-9.313225746154785e-09,-1.2456439435482025e-08
3260,0.379668265581131,-0.11859756708145142,0.01552013773471117,3270,0.033164333552122116,-0.1259833127260208,-0.49234169721603394,3280,0.36083292961120605,-0.10952793061733246,0.012311390601098537,3170,10,10,3290,0.18555130064487457,-0.11155086755752563,-0.02399202436208725,3290,-0.000221103779040277,0.001806940184906125,-0.0163603276014328,3310,5.762558430433273e-05,8.994271047413349e-05,-0.000250843761023134,3310,2.0344858057796955e-05,-2.651941031217575e-07,4.595029167830944e-06,3300,-0.00019221390539314598,0.00018015503883361816,6.15166500210762e-05,3300,1.3676981325261295e-08,1.1175870895385742e-08,-2.939486876130104e-09
3350,0.3742542862892151,-0.11911187320947647,0.01134133618324995,3360,-0.0016225877916440368,-0.05501202866435051,-0.5329287648200989,3370,0.3550944924354553,-0.11126919090747833,0.01399819366633892,3260,10,10,3380,0.04961252957582474,-0.09175916016101837,-0.03704840689897537,3380,0.0001103730101021938,0.005360622890293598,-0.019593719393014908,3400,0.00010858103632926941,-2.6981811970472336e-05,8.267909288406372e-05,3400,-6.627291440963745e-06,-2.3283064365386963e-08,8.686445653438568e-06,3390,-1.1556490790098906e-05,0.00012976303696632385,-1.1002179235219955e-05,3390,-3.102468326687813e-08,-9.313225746154785e-09,-3.14321368932724e-08
3430,0.36525845527648926,-0.12503093481063843,0.015533769503235817,3440,0.016903867945075035,-0.049250803887844086,-0.5249882340431213,3450,0.3434314727783203,-0.11268311738967896,0.012435635551810265,3350,10,10,3460,0.11885794997215271,-0.06808976829051971,-0.036408744752407074,3460,-3.63119033863768e-05,0.004706893116235733,-0.0125584676861763,3480,-2.1396204829216003e-05,1.0003335773944855e-05,-4.793982952833176e-06,3480,3.7997961044311523e-07,-1.3969838619232178e-08,-1.7103739082813263e-06,3470,-2.8107198886573315e-05,5.995854735374451e-06,-7.07888975739479e-05,3470,-5.2852556109428406e-08,-1.1175870895385742e-08,-1.885928213596344e-08
3520,0.37240055203437805,-0.12842795252799988,0.017237147316336632,3530,-0.032408617436885834,-0.06468609720468521,-0.4505435526371002,3540,0.35233259201049805,-0.11853896826505661,0.014765260741114616,3430,10,10,3550,0.08885063230991364,-0.11452767997980118,-0.027903160080313683,3550,0.0002490263432264328,0.0034807513002306223,-0.01997058093547821,3570,8.724629878997803e-06,1.6291625797748566e-05,-0.00014373776502907276,3570,1.1599622666835785e-05,-8.288770914077759e-08,6.901100277900696e-07,3560,-9.846875764196739e-05,5.732756108045578e-05,-0.00015311682363972068,3560,-4.554749466478825e-09,-3.166496753692627e-08,-3.419336280785501e-08
3600,0.3644803464412689,-0.12531492114067078,0.011968866921961308,3610,-0.027897251769900322,-0.07046163082122803,-0.42201507091522217,3620,0.3439238667488098,-0.11618542671203613,0.012087184935808182,3520,10,10,3630,0.1633719503879547,-0.08183076977729797,-0.03482024371623993,3630,0.000226835923967883,0.0043298667296767235,-0.011564907617866993,3650,-0.00019811373203992844,-9.687617421150208e-05,0.0002909516915678978,3650,-2.406630665063858e-05,5.234032869338989e-07,-1.605413854122162e-05,3640,-0.0001030508428812027,0.00011803139932453632,2.0967330783605576e-05,3640,-3.3527612686157227e-08,-1.3154931366443634e-08,-5.3318217396736145e-08
3680,0.35477936267852783,-0.1255914568901062,0.01580541580915451,3690,-0.13710728287696838,-0.12185017019510269,-0.5990849733352661,3700,0.3334251642227173,-0.11442386358976364,0.010860482230782509,3600,10,10,3710,0.27107295393943787,-0.13057783246040344,-0.04617523401975632,3710,0.00017108110478147864,0.004871750250458717,-0.016111496835947037,3730,-3.2357871532440186e-05,-0.00018657371401786804,0.00013722479343414307,3730,-1.134723424911499e-05,1.2293457984924316e-07,-2.516433596611023e-06,3720,-1.3325363397598267e-05,0.00010706018656492233,-6.056763231754303e-05,3720,-2.9802322387695312e-08,-1.1175870895385742e-08,-4.0512531995773315e-08
3760,0.3455820679664612,-0.13059836626052856,0.014106549322605133,3770,0.022801466286182404,-0.03323109447956085,-0.6666980385780334,3780,0.32683265209198,-0.11749228835105896,0.01067801658064127,3680,10,10,3790,0.12040528655052185,-0.08374776691198349,-0.027543485164642334,3790,0.00027959374710917473,0.003396887332201004,-0.013312983326613903,3810,-8.691567927598953e-07,-4.407484084367752e-06,0.00017315964214503765,3810,-1.4027347788214684e-05,-2.193264663219452e-07,-1.5564728528261185e-07,3800,-0.00015302468091249466,4.968419671058655e-05,1.9653234630823135e-06,3800,-4.656612873077393e-10,7.450580596923828e-09,1.4435499906539917e-08
3840,0.3456239402294159,-0.1329667568206787,0.0169984083622694,3850,-0.059023983776569366,-0.05141564458608627,-0.6997551321983337,3860,0.3282550871372223,-0.1178983673453331,0.014912949874997139,3760,10,10,3870,0.07729275524616241,-0.06995528191328049,-0.033107463270425797,3870,9.864843013929203e-05,0.0041288211941719055,-0.012842012569308281,3890,-1.7566606402397156e-05,2.812594175338745e-06,-1.9045546650886536e-06,3890,1.5087425708770752e-07,-5.587935447692871e-09,-1.3923272490501404e-06,3880,4.421494668349624e-05,7.117539644241333e-05,2.1250802092254162e-05,3880,-1.1641532182693481e-10,-3.725290298461914e-09,-7.683411240577698e-09
3920,0.3487430810928345,-0.13442419469356537,0.013384455814957619,3930,-0.03982268646359444,0.0007122932584024966,-0.6682090759277344,3940,0.333785742521286,-0.12274719774723053,0.010620281100273132,3840,10,10,3950,0.289309561252594,-0.1278594732284546,-0.04132319241762161,3950,-7.333545363508165e-05,0.003662469796836376,-0.01586451753973961,3970,1.0965391993522644e-05,4.7264620661735535e-05,-0.00019685644656419754,3970,1.5854835510253906e-05,-1.1548399925231934e-07,8.316710591316223e-07,3960,7.007503882050514e-06,2.996530383825302e-06,-6.248365389183164e-05,3960,-1.280568540096283e-09,-1.0244548320770264e-08,-1.4086253941059113e-08
4000,0.3506849408149719,-0.14019185304641724,0.013910538516938686,4010,-0.12737464904785156,-0.059073738753795624,-0.7129133939743042,4020,0.3324969410896301,-0.12734413146972656,0.011240560561418533,3920,10,10,4030,0.20574229955673218,-0.10803020000457764,-0.04873303323984146,4030,0.000710957043338567,0.0055214837193489075,-0.01362726092338562,4050,-0.0001154276542365551,-0.00010357052087783813,0.00034778937697410583,4050,-2.881232649087906e-05,6.780028343200684e-07,-9.180977940559387e-06,4040,-3.8329511880874634e-05,5.756225436925888e-05,-1.5692319720983505e-05,4040,3.725290298461914e-09,-5.587935447692871e-09,-1.5832483768463135e-08
4080,0.3451487421989441,-0.1451585739850998,0.015312006697058678,4090,-0.1122446209192276,-0.03771686926484108,-0.8046565651893616,4100,0.3273489475250244,-0.1309569776058197,0.013640808872878551,4000,10,10,4110,0.24507293105125427,-0.16954758763313293,-0.023785188794136047,4110,7.374674896709621e-05,0.002283089328557253,-0.02114354446530342,4130,3.7364661693573e-06,-0.0001441165804862976,0.00012885406613349915,4130,-1.058727502822876e-05,8.195638656616211e-08,3.91155481338501e-07,4120,1.5206634998321533e-05,2.1462328732013702e-06,-4.942156374454498e-05,4120,-1.1175870895385742e-08,-2.7939677238464355e-09,-1.3737007975578308e-08
4160,0.3356205224990845,-0.1484849900007248,0.013143245130777359,4170,-0.026987552642822266,-0.03558509051799774,-0.7918729782104492,4180,0.3173986077308655,-0.13547514379024506,0.012688602320849895,4080,10,10,4190,0.1981329768896103,-0.14067336916923523,-0.03785151615738869,4190,-4.5151814447308425e-06,0.0038813177961856127,-0.019458221271634102,4210,9.012408554553986e-05,2.5530345737934113e-05,0.00020593730732798576,4210,-1.681596040725708e-05,-3.2386742532253265e-07,7.131835445761681e-06,4200,-0.00017954630311578512,0.00011911988258361816,1.344410702586174e-05,4200,-7.101334631443024e-09,-3.725290298461914e-09,0.0
4240,0.3256385028362274,-0.15224169194698334,0.013933270238339901,4250,0.0021569873206317425,-0.17244099080562592,-0.7888271808624268,4260,0.3101222813129425,-0.13824979960918427,0.013853246346116066,4160,10,10,4270,0.05589617043733597,-0.11561581492424011,-0.039401568472385406,4270,0.0003751603071577847,0.0057983966544270515,-0.021153299137949944,4290,-1.2256205081939697e-06,3.0025839805603027e-06,1.2182630598545074e-05,4290,-9.611248970031738e-07,0.0,-9.685754776000977e-08,4280,3.871438093483448e-05,0.000215236097574234,-1.4401040971279144e-05,4280,-2.561137080192566e-09,0.0,-1.1641532182693481e-08
4320,0.32522064447402954,-0.15854287147521973,0.014388374984264374,4330,0.03586176410317421,-0.08411502838134766,-0.8320591449737549,4340,0.31022152304649353,-0.14093822240829468,0.012018395587801933,4240,10,10,4350,0.059609901160001755,-0.09383916854858398,-0.03214336931705475,4350,2.3117994714993984e-05,0.003614605637267232,-0.017501674592494965,4370,1.2089498341083527e-05,3.198161721229553e-05,-0.000191632192581892,4370,1.5437602996826172e-05,-1.1548399925231934e-07,9.872019290924072e-07,4360,7.08338338881731e-05,-3.500143066048622e-05,-2.3105618311092257e-05,4360,-1.3969838619232178e-09,-4.6566128730773926e-09,1.4551915228366852e-10
4400,0.32547539472579956,-0.1583321988582611,0.013165812008082867,4410,-0.12547646462917328,-0.04326707497239113,-0.8280563950538635,4420,0.3113003969192505,-0.1435367465019226,0.012721268460154533,4320,10,10,4430,0.21755415201187134,-0.17232337594032288,-0.04042820632457733,4430,6.609188858419657e-07,0.004242764785885811,-0.024193676188588142,4450,-0.0001606866717338562,-6.969645619392395e-05,0.0003691352903842926,4450,-3.0487775802612305e-05,7.599592208862305e-07,-1.2955628335475922e-05,4440,-4.460476338863373e-05,8.890777826309204e-05,1.953414175659418e-05,4440,-5.587935447692871e-09,-8.381903171539307e-09,-2.9336661100387573e-08
4480,0.32825472950935364,-0.16362081468105316,0.014577239751815796,4490,-0.1329871565103531,-0.000567551760468632,-0.8108071684837341,4500,0.31242185831069946,-0.1477714627981186,0.01010231114923954,4400,10,10,4510,0.13398554921150208,-0.1387801170349121,-0.03581015393137932,4510,3.385249146958813e-05,0.004215416498482227,-0.02173665165901184,4530,-3.347545862197876e-05,-0.00020810961723327637,0.00014372169971466064,4530,-1.1958181858062744e-05,1.1920928955078125e-07,-2.5741755962371826e-06,4520,2.0952895283699036e-05,4.249252378940582e-05,-2.2375956177711487e-05,4520,-1.6763806343078613e-08,-9.313225746154785e-09,-1.210719347000122e-08
4560,0.3261772692203522,-0.16604188084602356,0.013917803764343262,4570,-0.054208043962717056,-0.06643480062484741,-0.7636333703994751,4580,0.31025534868240356,-0.15201303362846375,0.011147202923893929,4480,10,10,4590,0.350693941116333,-0.1672581136226654,-0.04734896123409271,4590,0.0005796455661766231,0.00405315775424242,-0.013498032465577126,4610,-0.0001204218715429306,1.0571908205747604e-05,1.1475465726107359e-05,4610,-8.763745427131653e-07,-2.905726432800293e-07,-9.790819603949785e-06,4600,-0.00018014153465628624,0.0001250840723514557,6.21238723397255e-05,4600,1.3504177331924438e-08,1.4901161193847656e-08,1.210719347000122e-08
4640,0.3239295780658722,-0.1663355529308319,0.012939093634486198,4650,-0.03772498667240143,-0.03881093114614487,-0.6893172860145569,4660,0.30646809935569763,-0.1523551493883133,0.012148063629865646,4560,10,10,4670,0.1620592176914215,-0.158339723944664,-0.03095974028110504,4670,5.9243720897939056e-05,0.0034223035909235477,-0.020661644637584686,4690,-2.4532899260520935e-05,3.159046173095703e-06,-3.752764314413071e-05,4690,3.0025839805603027e-06,5.587935447692871e-09,-1.9408762454986572e-06,4680,4.615914076566696e-05,7.16187059879303e-05,1.5891622751951218e-05,4680,-1.1641532182693481e-10,-3.725290298461914e-09,0.0
4720,0.3198676109313965,-0.16923238337039948,0.013047575019299984,4730,-0.03950744494795799,-0.1303354799747467,-0.7846976518630981,4740,0.3043779730796814,-0.15362554788589478,0.008926051668822765,4640,10,10,4750,0.19047492742538452,-0.1421433687210083,-0.036060646176338196,4750,9.669625433161855e-05,0.003926448058336973,-0.020253296941518784,4770,1.2304633855819702e-05,1.0402873158454895e-05,-0.00019299844279885292,4770,1.5594065189361572e-05,-9.313225746154785e-08,9.755603969097137e-07,4760,-2.104579471051693e-05,7.778406143188477e-05,-0.00020711580873467028,4760,-7.2177499532699585e-09,-4.7497451305389404e-08,-4.0105078369379044e-08
4800,0.3194890022277832,-0.17366598546504974,0.01255287230014801,4810,-0.03143597021698952,0.018914462998509407,-0.7818289995193481,4820,0.3062403202056885,-0.16184677183628082,0.012369301170110703,4720,10,10,4830,0.040483612567186356,-0.09712029993534088,-0.028171056881546974,4830,8.26789255370386e-05,0.003975448198616505,-0.019084574654698372,4850,-0.00017856433987617493,-0.00010453909635543823,0.00030435994267463684,4850,-2.5216490030288696e-05,5.885958671569824e-07,-1.449044793844223e-05,4840,1.7471611499786377e-06,8.469796739518642e-05,-3.978004679083824e-05,4840,-7.450580596923828e-09,-7.916241884231567e-09,-1.4668330550193787e-08
4880,0.3268178105354309,-0.18107928335666656,0.014460233971476555,4890,-0.11028500646352768,-0.017201973125338554,-0.770675003528595,4900,0.31168925762176514,-0.1672373116016388,0.01290532760322094,4800,10,10,4910,0.050991762429475784,-0.12024709582328796,-0.030158886685967445,4910,0.0004431875131558627,0.0039905281737446785,-0.022542525082826614,4930,-7.342547178268433e-06,-0.0001921132206916809,0.00015601888298988342,4930,-1.298263669013977e-05,1.1920928955078125e-07,-5.252659320831299e-07,4920,1.294165849685669e-05,1.943204551935196e-05,-6.1101745814085e-05,4920,-1.1175870895385742e-08,-2.7939677238464355e-09,-1.30385160446167e-08
4960,0.3322207033634186,-0.18615494668483734,0.012434976175427437,4970,-0.011355712078511715,0.02271316573023796,-0.8058173060417175,4980,0.3174867033958435,-0.17236359417438507,0.01338226068764925,4880,10,10,4990,0.03606675937771797,-0.10805672407150269,-0.021462243050336838,4990,-5.261846672510728e-05,0.002491880441084504,-0.022145699709653854,5010,6.534566637128592e-05,4.239566624164581e-05,-0.00013306234905030578,5010,1.0696472600102425e-05,-1.126900315284729e-07,5.243331543169916e-06,5000,-0.0001491094008088112,6.318837404251099e-05,3.597047179937363e-05,5000,-9.313225746154785e-10,7.450580596923828e-09,1.3969838619232178e-08
5040,0.3339077830314636,-0.19294558465480804,0.01377980038523674,5050,-0.12960731983184814,-0.12598149478435516,-0.8283610939979553,5060,0.31935346126556396,-0.17632201313972473,0.012490225955843925,4960,10,10,5070,0.18446287512779236,-0.1542488932609558,-0.040951646864414215,5070,5.197117570787668e-05,0.004229166079312563,-0.02276718057692051,5090,2.5603920221328735e-05,-8.903443813323975e-06,6.76838681101799e-05,5090,-5.424022674560547e-06,1.1175870895385742e-08,2.04332172870636e-06,5080,-5.5731041356921196e-05,0.00018993765115737915,-0.00012075714766979218,5080,5.3318217396736145e-08,-6.332993507385254e-08,-7.729977369308472e-08
5120,0.331019788980484,-0.189701646566391,0.013408057391643524,5130,-0.006410626694560051,-0.012673860415816307,-0.8056626319885254,5140,0.3152652084827423,-0.17246279120445251,0.011761223897337914,5040,10,10,5150,0.3082107603549957,-0.18214051425457,-0.052703410387039185,5150,0.0003424942260608077,0.005228279158473015,-0.020323749631643295,5170,9.469687938690186e-06,2.679973840713501e-05,-0.00017831288278102875,5170,1.4374032616615295e-05,-1.0058283805847168e-07,7.473863661289215e-07,5160,8.848728612065315e-07,4.35560941696167e-05,2.6771886041387916e-06,5160,9.313225746154785e-09,-3.725290298461914e-09,4.94765117764473e-10
5200,0.33061718940734863,-0.18897417187690735,0.014416313730180264,5210,-0.091823510825634,-0.07080382108688354,-0.795488715171814,5220,0.31786900758743286,-0.1748451292514801,0.01549406349658966,5120,10,10,5230,0.15284587442874908,-0.1926729381084442,-0.03783983364701271,5230,-0.000266927556367591,0.004314080346375704,-0.029993169009685516,5250,-0.0002239355817437172,-6.983056664466858e-05,0.0005281073972582817,5250,-4.334747791290283e-05,1.2628734111785889e-06,-1.8144957721233368e-05,5240,-0.00012793950736522675,6.916560232639313e-05,-4.0084123611450195e-05,5240,7.450580596923828e-09,-5.587935447692871e-09,-1.5366822481155396e-08
5280,0.32951265573501587,-0.1837858408689499,0.014502700418233871,5290,0.039962757378816605,-0.049224525690078735,-0.8032155632972717,5300,0.3111135959625244,-0.163819819688797,0.010426701046526432,5200,10,10,5310,0.18982626497745514,-0.19580574333667755,-0.061911508440971375,5310,0.001346340635791421,0.007771500386297703,-0.02357671968638897,5330,-1.535564661026001e-05,-0.0001669749617576599,0.00015287473797798157,5330,-1.257285475730896e-05,1.1175870895385742e-07,-1.173466444015503e-06,5320,2.5991350412368774e-05,6.664544343948364e-06,-4.5114196836948395e-05,5320,-1.4901161193847656e-08,-4.6566128730773926e-09,-1.210719347000122e-08
5360,0.3212414085865021,-0.1758541613817215,0.015405582264065742,5370,-0.048120204359292984,-0.008970383554697037,-0.7194852232933044,5380,0.30369171500205994,-0.16264545917510986,0.01735076867043972,5280,10,10,5390,0.26549577713012695,-0.16159680485725403,-0.013557393103837967,5390,-0.00016175683413166553,0.0004811456601601094,-0.01891012117266655,5410,-5.880836397409439e-05,5.983281880617142e-06,-9.638955816626549e-06,5410,7.459893822669983e-07,-1.5459954738616943e-07,-4.77861613035202e-06,5400,-0.0001586833968758583,0.00011365115642547607,5.973502993583679e-05,5400,1.30385160446167e-08,0.0,-2.7939677238464355e-09
5440,0.31066808104515076,-0.17039696872234344,0.0090903015807271,5450,-0.04555515572428703,-0.029746100306510925,-0.8358559012413025,5460,0.29685503244400024,-0.1550816297531128,0.009821847081184387,5360,10,10,5470,0.18092811107635498,-0.12934991717338562,-0.03497326374053955,5470,0.00019032285490538925,0.003726075403392315,-0.016740337014198303,5490,-1.4264136552810669e-05,2.4847686290740967e-06,-5.884096026420593e-06,5490,4.76837158203125e-07,-1.1175870895385742e-08,-1.130625605583191e-06,5480,6.19734637439251e-05,0.00013538077473640442,-3.883847966790199e-05,5480,0.0,-1.1175870895385742e-08,-1.3969838619232178e-08
5520,0.31583186984062195,-0.1752968430519104,0.01586448773741722,5530,-0.019082166254520416,-0.056360963732004166,-0.7637878656387329,5540,0.30108967423439026,-0.1591099500656128,0.01402236707508564,5440,10,10,5550,0.210133358836174,-0.17150086164474487,-0.05005980283021927,5550,0.00047647225437685847,0.005762304645031691,-0.02065611071884632,5570,-4.1268765926361084e-05,1.4044344425201416e-05,-0.00019293883815407753,5570,1.5564262866973877e-05,-1.2665987014770508e-07,-3.345310688018799e-06,5560,1.1070165783166885e-05,8.181482553482056e-05,1.335900742560625e-05,5560,-9.313225746154785e-10,-1.210719347000122e-08,-2.9802322387695312e-08
5610,0.3168029189109802,-0.17143766582012177,0.01273304969072342,5620,-0.06274835020303726,-0.07329133152961731,-0.6982991695404053,5630,0.2976459264755249,-0.15650711953639984,0.010556530207395554,5520,10,10,5640,-0.039283134043216705,-0.13300791382789612,-0.028369951993227005,5640,0.0005982076982036233,0.0040498883463442326,-0.026001781225204468,5660,7.245829328894615e-05,-9.976513683795929e-05,-3.136158920824528e-05,5660,2.667773514986038e-06,-5.587935447692871e-09,6.137881428003311e-06,5650,0.00010761525481939316,5.189981311559677e-05,3.6798708606511354e-05,5650,9.313225746154785e-10,-1.3969838619232178e-08,-1.5425030142068863e-08
5700,0.2944144010543823,-0.1602991223335266,0.00910845585167408,5710,-0.06316022574901581,-0.032967451959848404,-0.6784497499465942,5720,0.2772389352321625,-0.14205612242221832,0.01131658349186182,5610,10,10,5730,0.30802080035209656,-0.1329495906829834,-0.048626191914081573,5730,0.0004273036029189825,0.004669917747378349,-0.013630552217364311,5750,-0.00017137546092271805,-0.00010857731103897095,0.00024834973737597466,5750,-2.0464882254600525e-05,3.855675458908081e-07,-1.3874843716621399e-05,5740,-5.8922916650772095e-05,5.445440183393657e-05,1.087240525521338e-05,5740,-3.725290298461914e-09,-7.62520357966423e-09,-2.9685907065868378e-08
5790,0.2894599139690399,-0.13988211750984192,0.015929177403450012,5800,-0.08570393919944763,-0.07448431104421616,-0.6279757618904114,5810,0.27113452553749084,-0.12581175565719604,0.012121826410293579,5700,10,10,5820,0.09664978832006454,-0.09218274056911469,-0.02892688289284706,5820,0.00021559602464549243,0.0033672545105218887,-0.01358034461736679,5840,-0.00012584775686264038,-3.962963819503784e-05,0.0003110729157924652,5840,-2.5097280740737915e-05,-3.129243850708008e-07,-1.0203570127487183e-05,5830,-1.2986361980438232e-05,9.660521754994988e-05,-9.204982779920101e-05,5830,-3.725290298461914e-09,1.3795215636491776e-08,1.557054929435253e-08
5880,0.2926689386367798,-0.14023500680923462,0.018945949152112007,5890,-0.037714045494794846,-0.10244876146316528,-0.7580516934394836,5900,0.2782413959503174,-0.12680165469646454,0.017130659893155098,5790,10,10,5910,0.17766553163528442,-0.11696900427341461,-0.029954124242067337,5910,6.145015504444018e-05,0.002996427472680807,-0.015852348878979683,5930,1.2490898370742798e-05,-0.00017886608839035034,0.00015152059495449066,5930,-1.2479722499847412e-05,8.568167686462402e-08,1.1380761861801147e-06,5920,2.327561378479004e-05,5.476176738739014e-06,-6.340164691209793e-05,5920,-1.4901161193847656e-08,-5.587935447692871e-09,-1.210719347000122e-08
5970,0.2967873811721802,-0.1478305459022522,0.013763884082436562,5980,-0.011102650314569473,-0.017836594954133034,-0.8433031439781189,5990,0.283517986536026,-0.13398194313049316,0.014220014214515686,5880,10,10,6000,0.21166187524795532,-0.13769710063934326,-0.0475141704082489,6000,0.0001196104203700088,0.00442271213978529,-0.016689233481884003,6020,3.225356340408325e-05,0.00011066347360610962,-0.00047711562365293503,6020,3.9210543036460876e-05,2.421438694000244e-08,2.6421621441841125e-06,6010,2.1707266569137573e-05,1.1408701539039612e-07,-7.980363443493843e-05,6010,-7.450580596923828e-09,-2.3283064365386963e-09,3.259629011154175e-09
6060,0.2974312901496887,-0.15093640983104706,0.014557980932295322,6070,-0.034602779895067215,-0.02506915107369423,-0.854914665222168,6080,0.2821740210056305,-0.1353980451822281,0.017034821212291718,5970,10,10,6090,0.153376042842865,-0.14850884675979614,-0.040676817297935486,6090,0.00030795473139733076,0.004931202623993158,-0.01814831979572773,6110,7.777672726660967e-05,4.7237612307071686e-05,-0.0002613011165522039,6110,2.1083280444145203e-05,-1.8347054719924927e-07,6.236376066226512e-06,6100,-0.0001920517534017563,0.00015686079859733582,6.62514939904213e-05,6100,1.0244548320770264e-08,1.1175870895385742e-08,-4.6566128730773926e-09
6150,0.2835260033607483,-0.14907097816467285,0.010161272250115871,6160,-0.021597232669591904,-0.045872628688812256,-0.932837724685669,6170,0.27139705419540405,-0.13490456342697144,0.014063315466046333,6060,10,10,6180,0.1489185094833374,-0.10311947762966156,-0.05242706462740898,6180,0.0003966985968872905,0.005963459610939026,-0.014068461954593658,6200,0.00013537518680095673,-1.870095729827881e-05,0.00012800085823982954,6200,-1.0264106094837189e-05,-7.450580596923828e-08,1.0860501788556576e-05,6190,-2.551521174609661e-05,3.0875205993652344e-05,-1.095794141292572e-05,6190,-1.6298145055770874e-09,-2.2351741790771484e-08,-3.91155481338501e-08
6250,0.28221195936203003,-0.1539156436920166,0.01136187557131052,6260,-0.03422841057181358,-0.005291010718792677,-0.9716612696647644,6270,0.2713479995727539,-0.13801907002925873,0.011968669481575489,6150,10,10,6280,0.1575663834810257,-0.12139508873224258,-0.030381683260202408,6280,0.0002420662494841963,0.0036179935559630394,-0.014462596736848354,6300,1.9451603293418884e-05,-2.9802322387695312e-06,-7.16792419552803e-06,6300,5.853362381458282e-07,-1.4901161193847656e-08,1.5513505786657333e-06,6290,-3.406032919883728e-05,0.0001299828290939331,2.1470710635185242e-05,6290,-2.0954757928848267e-09,7.450580596923828e-09,-4.190951585769653e-09
6340,0.2884141206741333,-0.1556619256734848,0.015094324015080929,6350,-0.04728235304355621,-0.11807780712842941,-0.7493331432342529,6360,0.2726343870162964,-0.13924622535705566,0.012048858217895031,6250,10,10,6370,0.18107080459594727,-0.18684491515159607,-0.03379908204078674,6370,0.0001031436986522749,0.0032840496860444546,-0.022903529927134514,6390,3.8914382457733154e-05,-6.726011633872986e-06,7.136538624763489e-05,6390,-5.707144737243652e-06,1.6763806343078613e-08,3.1068921089172363e-06,6380,3.800075501203537e-05,0.00014763325452804565,-1.1414289474487305e-05,6380,-1.4668330550193787e-08,-7.450580596923828e-09,-9.080395102500916e-09
6430,0.2898845374584198,-0.15204566717147827,0.016231339424848557,6440,-0.07425271719694138,-0.019796255975961685,-0.5956655144691467,6450,0.2711822986602783,-0.13689009845256805,0.01536237820982933,6340,10,10,6460,0.1070055365562439,-0.13730353116989136,-0.017402540892362595,6460,0.000391458161175251,0.0023419519420713186,-0.018329795449972153,6480,4.494376480579376e-05,9.685754776000977e-06,1.019798219203949e-05,6480,-8.065253496170044e-07,1.6763806343078613e-08,3.6191195249557495e-06,6470,-0.00010862760245800018,4.274025559425354e-05,-0.0002003498375415802,6470,-2.9802322387695312e-08,-4.0978193283081055e-08,-3.585591912269592e-08
6520,0.28695106506347656,-0.14233997464179993,0.01573289930820465,6530,-0.0626264289021492,-0.09323468804359436,-0.6148632764816284,6540,0.26957574486732483,-0.127900168299675,0.014092668890953064,6430,10,10,6550,0.03532855585217476,-0.11803892254829407,-0.029316825792193413,6550,-2.6922320103039965e-05,0.003455802332609892,-0.01877620816230774,6570,-3.2996758818626404e-05,-2.7433037757873535e-05,-0.0002870652824640274,6570,2.331659197807312e-05,-1.8067657947540283e-07,-2.6714988052845e-06,6560,-9.35110729187727e-05,6.90612941980362e-05,-9.166973177343607e-05,6560,-3.725290298461914e-09,-1.6763806343078613e-08,-2.7706846594810486e-08
6600,0.28593024611473083,-0.13698101043701172,0.012184377759695053,6610,-0.04746025428175926,-0.01393240038305521,-0.6208651661872864,6620,0.268610417842865,-0.12402218580245972,0.010152561590075493,6520,10,10,6630,0.03134804219007492,-0.10008689761161804,-0.03951827436685562,6630,6.530673999805003e-05,0.004526359960436821,-0.01612268015742302,6650,-0.00012026214972138405,-0.0001107826828956604,0.00028923130594193935,6650,-2.3930799216032028e-05,5.420297384262085e-07,-9.573530405759811e-06,6640,-9.880028665065765e-05,0.00013954425230622292,-3.0454248189926147e-05,6640,-1.6763806343078613e-08,-1.3504177331924438e-08,-5.681067705154419e-08
6670,0.2855430245399475,-0.14002464711666107,0.01563120074570179,6680,-0.16672110557556152,0.018872009590268135,-0.7734721899032593,6690,0.26945868134498596,-0.12621255218982697,0.01496509276330471,6600,10,10,6700,0.11499950289726257,-0.11559814214706421,-0.033017951995134354,6700,-0.00014458803343586624,0.003130897879600525,-0.016725096851587296,6720,-2.0738691091537476e-05,-5.1394104957580566e-05,-0.00024211499840021133,6720,2.0021572709083557e-05,-5.587935447692871e-08,-1.7369166016578674e-06,6710,3.063492476940155e-05,-2.1941959857940674e-06,-5.289341788738966e-05,6710,-5.587935447692871e-09,-6.984919309616089e-09,1.1641532182693481e-09
6750,0.27597203850746155,-0.13871777057647705,0.010236972942948341,6760,0.027501074597239494,-0.058606162667274475,-0.9230237007141113,6770,0.2625315189361572,-0.12324660271406174,0.012189383618533611,6670,10,10,6780,0.15187859535217285,-0.11669330298900604,-0.05078202486038208,6780,8.816293120617047e-05,0.005267893895506859,-0.01506070513278246,6800,-1.674611121416092e-05,-1.6395002603530884e-05,2.2428808733820915e-05,6800,-1.7890706658363342e-06,-5.774199962615967e-08,-1.378823071718216e-06,6790,-2.3011263692751527e-05,0.00010818243026733398,-4.844501381739974e-05,6790,1.2514647096395493e-09,-1.4901161193847656e-08,-5.005858838558197e-09
6830,0.27555519342422485,-0.14126747846603394,0.013847112655639648,6840,-0.10847684741020203,-0.06604617089033127,-0.8688085675239563,6850,0.2610219120979309,-0.12424395978450775,0.010734387673437595,6750,10,10,6860,0.05322687327861786,-0.14405032992362976,-0.03713400289416313,6860,0.0003836497780866921,0.004038278013467789,-0.020660828799009323,6880,2.1960586309432983e-06,9.708106517791748e-06,-8.336268365383148e-06,6880,6.593763828277588e-07,-1.862645149230957e-09,1.5366822481155396e-07,6870,-6.453320384025574e-05,4.842877388000488e-07,-0.00015265762340277433,6870,-2.0721927285194397e-08,-1.862645149230957e-08,-1.3737007975578308e-08
6900,0.26992690563201904,-0.1436903327703476,0.013072422705590725,6910,-0.08764518052339554,-0.03625816851854324,-0.8714320063591003,6920,0.25686004757881165,-0.12938851118087769,0.012445947155356407,6830,10,10,6930,0.24025429785251617,-0.13001348078250885,-0.03693340718746185,6930,3.0244653316913173e-05,0.00327344611287117,-0.015057479031383991,6950,-0.00020719226449728012,-7.702037692070007e-05,0.0004876710008829832,6950,-3.998866304755211e-05,9.164214134216309e-07,-1.6775447875261307e-05,6940,-4.445761442184448e-05,3.84732848033309e-05,-2.6690540835261345e-06,6940,3.725290298461914e-09,2.0954757928848267e-09,-1.3387762010097504e-09
6980,0.2712772786617279,-0.14921197295188904,0.014253169298171997,6990,-0.047793496400117874,-0.035725630819797516,-0.9219072461128235,7000,0.2569963037967682,-0.132425919175148,0.01094764657318592,6900,10,10,7010,0.21323543787002563,-0.14168226718902588,-0.05720914155244827,7010,0.00023057797807268798,0.005311131477355957,-0.015444282442331314,7030,3.15345823764801e-05,-0.00012020021677017212,8.43144953250885e-05,7030,-6.888061761856079e-06,3.3527612686157227e-08,2.6300549507141113e-06,7020,2.8580427169799805e-05,-3.281421959400177e-05,-8.437130600214005e-05,7020,9.313225746154785e-09,-9.313225746154785e-09,4.656612873077393e-10
7060,0.27476444840431213,-0.152751624584198,0.015017567202448845,7070,-0.061395928263664246,-0.0468287467956543,-0.8672096133232117,7080,0.2619529664516449,-0.13801512122154236,0.014526107348501682,6980,10,10,7090,0.178794726729393,-0.15717235207557678,-0.039362724870443344,7090,0.0003816673415713012,0.004258827306330204,-0.019275780767202377,7110,-9.242445230484009e-06,3.1361356377601624e-05,-0.00024707941338419914,7110,2.0056962966918945e-05,-1.825392246246338e-07,-7.67875462770462e-07,7100,-0.00012574344873428345,5.574524402618408e-05,4.144944250583649e-05,7100,1.862645149230957e-09,3.725290298461914e-09,1.4901161193847656e-08
7140,0.2778475284576416,-0.1549006551504135,0.011603246442973614,7150,-0.058999888598918915,-0.0516984760761261,-0.8099598288536072,7160,0.26316124200820923,-0.13986794650554657,0.012778185307979584,7060,10,10,7170,0.2653360664844513,-0.15893152356147766,-0.03503603860735893,7170,0.0001274182286579162,0.002958973404020071,-0.015841810032725334,7190,-4.741587326861918e-05,1.7397105693817139e-06,1.320717274211347e-06,7190,-1.0043731890618801e-07,-1.1175870895385742e-08,-3.7937716115266085e-06,7180,-4.033534787595272e-05,0.00018158182501792908,-6.661913357675076e-05,7180,-1.6065314412117004e-08,0.0,-1.1641532182693481e-09
